區域,geojson連結
桃園市,https://sheethub.com/ronnywang/100%E5%B9%B4%E5%85%A8%E5%9C%8B%E7%B8%A3%E5%B8%82%E7%95%8C%E5%9C%96/uri/23238643?format=geojson
中壢區,https://sheethub.com/ronnywang/100%E5%B9%B4%E5%85%A8%E5%9C%8B%E9%84%89%E9%8E%AE%E5%B8%82%E5%8D%80%E7%95%8C%E5%9C%96/uri/10003020?format=geojson
桃園區,https://sheethub.com/ronnywang/100%E5%B9%B4%E5%85%A8%E5%9C%8B%E9%84%89%E9%8E%AE%E5%B8%82%E5%8D%80%E7%95%8C%E5%9C%96/uri/10003010?format=geojson
大園區,https://sheethub.com/ronnywang/100%E5%B9%B4%E5%85%A8%E5%9C%8B%E9%84%89%E9%8E%AE%E5%B8%82%E5%8D%80%E7%95%8C%E5%9C%96/uri/10003060?format=geojson
觀音區,https://sheethub.com/ronnywang/100%E5%B9%B4%E5%85%A8%E5%9C%8B%E9%84%89%E9%8E%AE%E5%B8%82%E5%8D%80%E7%95%8C%E5%9C%96/uri/10003120?format=geojson
平鎮區,https://sheethub.com/ronnywang/100%E5%B9%B4%E5%85%A8%E5%9C%8B%E9%84%89%E9%8E%AE%E5%B8%82%E5%8D%80%E7%95%8C%E5%9C%96/uri/10003100?format=geojson
復興區,https://sheethub.com/ronnywang/100%E5%B9%B4%E5%85%A8%E5%9C%8B%E9%84%89%E9%8E%AE%E5%B8%82%E5%8D%80%E7%95%8C%E5%9C%96/uri/10003130?format=geojson
蘆竹區,https://sheethub.com/ronnywang/100%E5%B9%B4%E5%85%A8%E5%9C%8B%E9%84%89%E9%8E%AE%E5%B8%82%E5%8D%80%E7%95%8C%E5%9C%96/uri/10003050?format=geojson
八德區,https://sheethub.com/ronnywang/100%E5%B9%B4%E5%85%A8%E5%9C%8B%E9%84%89%E9%8E%AE%E5%B8%82%E5%8D%80%E7%95%8C%E5%9C%96/uri/10003080?format=geojson
龍潭區,https://sheethub.com/ronnywang/100%E5%B9%B4%E5%85%A8%E5%9C%8B%E9%84%89%E9%8E%AE%E5%B8%82%E5%8D%80%E7%95%8C%E5%9C%96/uri/10003090?format=geojson
龜山區,https://sheethub.com/ronnywang/100%E5%B9%B4%E5%85%A8%E5%9C%8B%E9%84%89%E9%8E%AE%E5%B8%82%E5%8D%80%E7%95%8C%E5%9C%96/uri/10003070?format=geojson
新屋區,https://sheethub.com/ronnywang/100%E5%B9%B4%E5%85%A8%E5%9C%8B%E9%84%89%E9%8E%AE%E5%B8%82%E5%8D%80%E7%95%8C%E5%9C%96/uri/10003110?format=geojson
大溪區,https://sheethub.com/ronnywang/100%E5%B9%B4%E5%85%A8%E5%9C%8B%E9%84%89%E9%8E%AE%E5%B8%82%E5%8D%80%E7%95%8C%E5%9C%96/uri/10003030?format=geojson
楊梅區,https://sheethub.com/ronnywang/100%E5%B9%B4%E5%85%A8%E5%9C%8B%E9%84%89%E9%8E%AE%E5%B8%82%E5%8D%80%E7%95%8C%E5%9C%96/uri/10003040?format=geojson
